-- phpMyAdmin SQL Dump
-- version 4.8.4
-- https://www.phpmyadmin.net/
--
-- Hôte : 127.0.0.1:3306
-- Généré le :  Dim 03 nov. 2019 à 16:44
-- Version du serveur :  5.7.24
-- Version de PHP :  7.3.1

SET SQL_MODE = "NO_AUTO_VALUE_ON_ZERO";
SET AUTOCOMMIT = 0;
START TRANSACTION;
SET time_zone = "+00:00";


/*!40101 SET @OLD_CHARACTER_SET_CLIENT=@@CHARACTER_SET_CLIENT */;
/*!40101 SET @OLD_CHARACTER_SET_RESULTS=@@CHARACTER_SET_RESULTS */;
/*!40101 SET @OLD_COLLATION_CONNECTION=@@COLLATION_CONNECTION */;
/*!40101 SET NAMES utf8mb4 */;

--
-- Base de données :  `bo_activup`
--

-- --------------------------------------------------------

--
-- Structure de la table `client`
--

DROP TABLE IF EXISTS `client`;
CREATE TABLE IF NOT EXISTS `client` (
  `id` int(11) NOT NULL AUTO_INCREMENT,
  `name` varchar(50) COLLATE utf8mb4_unicode_ci NOT NULL,
  PRIMARY KEY (`id`)
) ENGINE=InnoDB AUTO_INCREMENT=4 DEFAULT CHARSET=utf8mb4 COLLATE=utf8mb4_unicode_ci;

--
-- Déchargement des données de la table `client`
--

INSERT INTO `client` (`id`, `name`) VALUES
(1, 'ActivUP'),
(2, 'CHU Grenoble'),
(3, 'Servier');

-- --------------------------------------------------------

--
-- Structure de la table `daily_stat`
--

DROP TABLE IF EXISTS `daily_stat`;
CREATE TABLE IF NOT EXISTS `daily_stat` (
  `id` int(11) NOT NULL AUTO_INCREMENT,
  `device_id` int(11) NOT NULL,
  `day` datetime NOT NULL,
  `distance` int(11) NOT NULL,
  `duration` int(11) NOT NULL,
  `speed` double NOT NULL,
  PRIMARY KEY (`id`),
  KEY `IDX_64BEE0B494A4C7D4` (`device_id`)
) ENGINE=InnoDB AUTO_INCREMENT=901 DEFAULT CHARSET=utf8mb4 COLLATE=utf8mb4_unicode_ci;

--
-- Déchargement des données de la table `daily_stat`
--

INSERT INTO `daily_stat` (`id`, `device_id`, `day`, `distance`, `duration`, `speed`) VALUES
(751, 1, '2019-09-06 15:26:56', 0, 0, 0),
(752, 1, '2019-09-05 15:26:57', 0, 0, 0),
(753, 1, '2019-09-04 15:26:57', 0, 0, 0),
(754, 1, '2019-09-03 15:26:57', 0, 0, 0),
(755, 1, '2019-09-02 15:26:57', 0, 0, 0),
(756, 1, '2019-09-01 15:26:57', 0, 0, 0),
(757, 1, '2019-08-31 15:26:57', 0, 0, 0),
(758, 1, '2019-08-30 15:26:57', 0, 0, 0),
(759, 1, '2019-08-29 15:26:57', 0, 0, 0),
(760, 1, '2019-08-28 15:26:57', 0, 0, 0),
(761, 1, '2019-08-27 15:26:57', 0, 0, 0),
(762, 1, '2019-08-26 15:26:57', 0, 0, 0),
(763, 1, '2019-08-25 15:26:57', 0, 0, 0),
(764, 1, '2019-08-24 15:26:57', 0, 0, 0),
(765, 1, '2019-08-23 15:26:58', 0, 0, 0),
(766, 1, '2019-08-22 15:26:58', 0, 0, 0),
(767, 1, '2019-08-21 15:26:58', 0, 0, 0),
(768, 1, '2019-08-20 15:26:58', 0, 0, 0),
(769, 1, '2019-08-19 15:26:58', 0, 0, 0),
(770, 1, '2019-08-18 15:26:58', 0, 0, 0),
(771, 1, '2019-08-17 15:26:58', 0, 0, 0),
(772, 1, '2019-08-16 15:26:58', 0, 0, 0),
(773, 1, '2019-08-15 15:26:58', 0, 0, 0),
(774, 1, '2019-08-14 15:26:58', 0, 0, 0),
(775, 1, '2019-08-13 15:26:58', 0, 0, 0),
(776, 1, '2019-08-12 15:26:58', 0, 0, 0),
(777, 1, '2019-08-11 15:26:58', 0, 0, 0),
(778, 1, '2019-08-10 15:26:58', 0, 0, 0),
(779, 1, '2019-08-09 15:26:59', 0, 0, 0),
(780, 1, '2019-08-08 15:26:59', 0, 0, 0),
(781, 2, '2019-09-06 15:26:59', 0, 0, 0),
(782, 2, '2019-09-05 15:27:00', 0, 0, 0),
(783, 2, '2019-09-04 15:27:01', 0, 0, 0),
(784, 2, '2019-09-03 15:27:02', 0, 0, 0),
(785, 2, '2019-09-02 15:27:03', 0, 0, 0),
(786, 2, '2019-09-01 15:27:04', 0, 0, 0),
(787, 2, '2019-08-31 15:27:05', 0, 0, 0),
(788, 2, '2019-08-30 15:27:07', 0, 0, 0),
(789, 2, '2019-08-29 15:27:08', 0, 0, 0),
(790, 2, '2019-08-28 15:27:09', 0, 0, 0),
(791, 2, '2019-08-27 15:27:10', 0, 0, 0),
(792, 2, '2019-08-26 15:27:11', 0, 0, 0),
(793, 2, '2019-08-25 15:27:12', 0, 0, 0),
(794, 2, '2019-08-24 15:27:13', 0, 0, 0),
(795, 2, '2019-08-23 15:27:14', 0, 0, 0),
(796, 2, '2019-08-22 15:27:15', 0, 0, 0),
(797, 2, '2019-08-21 15:27:16', 0, 0, 0),
(798, 2, '2019-08-20 15:27:17', 0, 0, 0),
(799, 2, '2019-08-19 15:27:18', 0, 0, 0),
(800, 2, '2019-08-18 15:27:19', 0, 0, 0),
(801, 2, '2019-08-17 15:27:20', 0, 0, 0),
(802, 2, '2019-08-16 15:27:21', 0, 0, 0),
(803, 2, '2019-08-15 15:27:22', 0, 0, 0),
(804, 2, '2019-08-14 15:27:23', 0, 0, 0),
(805, 2, '2019-08-13 15:27:24', 0, 0, 0),
(806, 2, '2019-08-12 15:27:25', 0, 0, 0),
(807, 2, '2019-08-11 15:27:26', 0, 0, 0),
(808, 2, '2019-08-10 15:27:27', 0, 0, 0),
(809, 2, '2019-08-09 15:27:28', 0, 0, 0),
(810, 2, '2019-08-08 15:27:29', 5, 33, 0.60691814432369),
(811, 3, '2019-09-06 15:27:30', 0, 0, 0),
(812, 3, '2019-09-05 15:27:31', 2520, 2200, 4.1223078562409),
(813, 3, '2019-09-04 15:27:33', 561, 949, 2.1289480366364),
(814, 3, '2019-09-03 15:27:34', 0, 0, 0),
(815, 3, '2019-09-02 15:27:36', 0, 0, 0),
(816, 3, '2019-09-01 15:27:37', 0, 0, 0),
(817, 3, '2019-08-31 15:27:38', 3, 15, 0.87300284180613),
(818, 3, '2019-08-30 15:27:39', 0, 0, 0),
(819, 3, '2019-08-29 15:27:41', 0, 0, 0),
(820, 3, '2019-08-28 15:27:42', 2115, 3288, 2.3164104805326),
(821, 3, '2019-08-27 15:27:43', 0, 0, 0),
(822, 3, '2019-08-26 15:27:45', 0, 0, 0),
(823, 3, '2019-08-25 15:27:46', 0, 0, 0),
(824, 3, '2019-08-24 15:27:47', 0, 0, 0),
(825, 3, '2019-08-23 15:27:49', 0, 0, 0),
(826, 3, '2019-08-22 15:27:50', 0, 0, 0),
(827, 3, '2019-08-21 15:27:51', 0, 0, 0),
(828, 3, '2019-08-20 15:27:53', 0, 0, 0),
(829, 3, '2019-08-19 15:27:55', 0, 0, 0),
(830, 3, '2019-08-18 15:27:56', 0, 0, 0),
(831, 3, '2019-08-17 15:27:58', 0, 0, 0),
(832, 3, '2019-08-16 15:27:59', 0, 0, 0),
(833, 3, '2019-08-15 15:28:01', 0, 0, 0),
(834, 3, '2019-08-14 15:28:02', 0, 0, 0),
(835, 3, '2019-08-13 15:28:04', 0, 0, 0),
(836, 3, '2019-08-12 15:28:05', 0, 0, 0),
(837, 3, '2019-08-11 15:28:07', 0, 0, 0),
(838, 3, '2019-08-10 15:28:09', 0, 0, 0),
(839, 3, '2019-08-09 15:28:10', 0, 0, 0),
(840, 3, '2019-08-08 15:28:12', 0, 0, 0),
(841, 4, '2019-09-06 15:28:13', 2503, 3453, 2.6098008127774),
(842, 4, '2019-09-05 15:28:14', 2559, 3535, 2.6059404865334),
(843, 4, '2019-09-04 15:28:14', 3101, 4240, 2.6327648656807),
(844, 4, '2019-09-03 15:28:14', 2056, 2705, 2.7368285645215),
(845, 4, '2019-09-02 15:28:14', 2487, 3452, 2.5941301597453),
(846, 4, '2019-09-01 15:28:15', 644, 884, 2.6216165216006),
(847, 4, '2019-08-31 15:28:15', 0, 0, 0),
(848, 4, '2019-08-30 15:28:15', 3711, 5175, 2.5817489054367),
(849, 4, '2019-08-29 15:28:16', 2122, 2986, 2.5588701821897),
(850, 4, '2019-08-28 15:28:16', 2263, 3197, 2.5479823219403),
(851, 4, '2019-08-27 15:28:16', 2226, 3106, 2.580186151337),
(852, 4, '2019-08-26 15:28:17', 3093, 4333, 2.5699238543541),
(853, 4, '2019-08-25 15:28:17', 1238, 2016, 2.211928031479),
(854, 4, '2019-08-24 15:28:17', 2344, 3643, 2.3171064495543),
(855, 4, '2019-08-23 15:28:18', 3857, 4888, 2.8405560158336),
(856, 4, '2019-08-22 15:28:18', 3348, 4934, 2.4428367949852),
(857, 4, '2019-08-21 15:28:18', 2457, 3437, 2.5742271583288),
(858, 4, '2019-08-20 15:28:19', 1626, 2252, 2.5986488898043),
(859, 4, '2019-08-19 15:28:19', 2568, 3500, 2.6417179915627),
(860, 4, '2019-08-18 15:28:19', 990, 1542, 2.3111451005045),
(861, 4, '2019-08-17 15:28:19', 899, 1401, 2.3093590605918),
(862, 4, '2019-08-16 15:28:20', 921, 1370, 2.4202334119254),
(863, 4, '2019-08-15 15:28:20', 4446, 6084, 2.6308385456675),
(864, 4, '2019-08-14 15:28:20', 3086, 4421, 2.513613447355),
(865, 4, '2019-08-13 15:28:21', 2236, 3217, 2.5017787102354),
(866, 4, '2019-08-12 15:28:21', 2164, 3101, 2.5120147284285),
(867, 4, '2019-08-11 15:28:21', 1152, 1875, 2.2107045821266),
(868, 4, '2019-08-10 15:28:21', 551, 900, 2.2044374925012),
(869, 4, '2019-08-09 15:28:22', 1037, 1477, 2.5263756198993),
(870, 4, '2019-08-08 15:28:22', 1056, 1390, 2.7359523569774),
(871, 5, '2019-09-06 15:28:23', 0, 0, 0),
(872, 5, '2019-09-05 15:28:23', 0, 0, 0),
(873, 5, '2019-09-04 15:28:24', 0, 0, 0),
(874, 5, '2019-09-03 15:28:24', 25, 59, 1.5367990066114),
(875, 5, '2019-09-02 15:28:25', 0, 0, 0),
(876, 5, '2019-09-01 15:28:25', 0, 0, 0),
(877, 5, '2019-08-31 15:28:26', 0, 0, 0),
(878, 5, '2019-08-30 15:28:27', 0, 0, 0),
(879, 5, '2019-08-29 15:28:27', 5, 35, 0.56586296909647),
(880, 5, '2019-08-28 15:28:28', 0, 0, 0),
(881, 5, '2019-08-27 15:28:28', 0, 0, 0),
(882, 5, '2019-08-26 15:28:29', 0, 0, 0),
(883, 5, '2019-08-25 15:28:29', 0, 0, 0),
(884, 5, '2019-08-24 15:28:30', 0, 0, 0),
(885, 5, '2019-08-23 15:28:30', 0, 0, 0),
(886, 5, '2019-08-22 15:28:31', 0, 6, 0.36612108692198),
(887, 5, '2019-08-21 15:28:32', 0, 0, 0),
(888, 5, '2019-08-20 15:28:32', 0, 0, 0),
(889, 5, '2019-08-19 15:28:33', 0, 0, 0),
(890, 5, '2019-08-18 15:28:34', 0, 0, 0),
(891, 5, '2019-08-17 15:28:34', 0, 0, 0),
(892, 5, '2019-08-16 15:28:35', 0, 0, 0),
(893, 5, '2019-08-15 15:28:35', 0, 0, 0),
(894, 5, '2019-08-14 15:28:36', 0, 0, 0),
(895, 5, '2019-08-13 15:28:36', 0, 0, 0),
(896, 5, '2019-08-12 15:28:37', 0, 0, 0),
(897, 5, '2019-08-11 15:28:38', 0, 0, 0),
(898, 5, '2019-08-10 15:28:38', 0, 0, 0),
(899, 5, '2019-08-09 15:28:39', 731, 1330, 1.978127515099),
(900, 5, '2019-08-08 15:28:39', 311, 716, 1.5657350337065);

-- --------------------------------------------------------

--
-- Structure de la table `device`
--

DROP TABLE IF EXISTS `device`;
CREATE TABLE IF NOT EXISTS `device` (
  `id` int(11) NOT NULL AUTO_INCREMENT,
  `hostname` varchar(50) COLLATE utf8mb4_unicode_ci NOT NULL,
  `client_id` int(11) NOT NULL,
  `api_sensor_id` varchar(255) COLLATE utf8mb4_unicode_ci DEFAULT NULL,
  `subset_id` int(11) NOT NULL,
  `name` varchar(100) COLLATE utf8mb4_unicode_ci NOT NULL,
  PRIMARY KEY (`id`),
  KEY `IDX_92FB68E19EB6921` (`client_id`),
  KEY `IDX_92FB68E7687853D` (`subset_id`)
) ENGINE=InnoDB AUTO_INCREMENT=6 DEFAULT CHARSET=utf8mb4 COLLATE=utf8mb4_unicode_ci;

--
-- Déchargement des données de la table `device`
--

INSERT INTO `device` (`id`, `hostname`, `client_id`, `api_sensor_id`, `subset_id`, `name`) VALUES
(1, 'AUP000000-activup', 3, '5a0ad3144cedfd002f652edc', 1, 'Site de Paris'),
(2, 'AUP000460-chugrenoble01', 2, '5a16dd794cedfd002f6545f5', 3, 'Tapis 1'),
(3, 'AUP000908-chugrenoble02', 2, '5a16dde64cedfd002f6545fa', 3, 'Tapis 2'),
(4, 'AUP000288', 1, '5a0090a54cedfd0036367139', 2, 'Tapis Quentin'),
(5, 'AUP000789', 3, '59cfda4b4cedfd00351b2830', 1, 'Site de Gidy');

-- --------------------------------------------------------

--
-- Structure de la table `migration_versions`
--

DROP TABLE IF EXISTS `migration_versions`;
CREATE TABLE IF NOT EXISTS `migration_versions` (
  `version` varchar(14) COLLATE utf8mb4_unicode_ci NOT NULL,
  `executed_at` datetime NOT NULL COMMENT '(DC2Type:datetime_immutable)',
  PRIMARY KEY (`version`)
) ENGINE=InnoDB DEFAULT CHARSET=utf8mb4 COLLATE=utf8mb4_unicode_ci;

--
-- Déchargement des données de la table `migration_versions`
--

INSERT INTO `migration_versions` (`version`, `executed_at`) VALUES
('20190714134101', '2019-07-14 13:41:16'),
('20190714134353', '2019-07-14 13:44:03'),
('20190729175031', '2019-07-29 17:50:41'),
('20190811145300', '2019-08-11 14:55:00'),
('20190815183005', '2019-08-15 18:30:36'),
('20190816182228', '2019-08-16 18:22:58'),
('20190826162352', '2019-08-26 16:24:16'),
('20190907153908', '2019-09-07 15:39:24'),
('20191030171036', '2019-10-30 17:11:14'),
('20191031110801', '2019-10-31 11:08:37'),
('20191031111028', '2019-10-31 11:10:35'),
('20191031111310', '2019-10-31 11:15:35'),
('20191101135128', '2019-11-01 13:52:06'),
('20191101135353', '2019-11-01 13:55:52'),
('20191101135646', '2019-11-01 14:00:58'),
('20191101160956', '2019-11-01 16:10:28');

-- --------------------------------------------------------

--
-- Structure de la table `organization`
--

DROP TABLE IF EXISTS `organization`;
CREATE TABLE IF NOT EXISTS `organization` (
  `id` int(11) NOT NULL AUTO_INCREMENT,
  `name` varchar(50) COLLATE utf8mb4_unicode_ci NOT NULL,
  PRIMARY KEY (`id`)
) ENGINE=InnoDB AUTO_INCREMENT=4 DEFAULT CHARSET=utf8mb4 COLLATE=utf8mb4_unicode_ci;

--
-- Déchargement des données de la table `organization`
--

INSERT INTO `organization` (`id`, `name`) VALUES
(1, 'Servier'),
(2, 'ActivUP'),
(3, 'CHU Grenoble');

-- --------------------------------------------------------

--
-- Structure de la table `ping`
--

DROP TABLE IF EXISTS `ping`;
CREATE TABLE IF NOT EXISTS `ping` (
  `id` int(11) NOT NULL AUTO_INCREMENT,
  `device_id` int(11) NOT NULL,
  `date` datetime NOT NULL,
  `value` int(11) NOT NULL,
  PRIMARY KEY (`id`),
  KEY `IDX_25D53DFD94A4C7D4` (`device_id`)
) ENGINE=InnoDB AUTO_INCREMENT=3431 DEFAULT CHARSET=utf8mb4 COLLATE=utf8mb4_unicode_ci;

--
-- Déchargement des données de la table `ping`
--

INSERT INTO `ping` (`id`, `device_id`, `date`, `value`) VALUES
(3276, 1, '2019-10-29 16:32:30', 100),
(3277, 1, '2019-10-28 16:32:32', 100),
(3278, 1, '2019-10-27 16:32:32', 104),
(3279, 1, '2019-10-26 16:32:32', 100),
(3280, 1, '2019-10-25 16:32:32', 100),
(3281, 1, '2019-10-24 16:32:32', 100),
(3282, 1, '2019-10-23 16:32:33', 100),
(3283, 1, '2019-10-22 16:32:33', 100),
(3284, 1, '2019-10-21 16:32:33', 100),
(3285, 1, '2019-10-20 16:32:33', 100),
(3286, 1, '2019-10-19 16:32:34', 100),
(3287, 1, '2019-10-18 16:32:34', 100),
(3288, 1, '2019-10-17 16:32:34', 100),
(3289, 1, '2019-10-16 16:32:34', 100),
(3290, 1, '2019-10-15 16:32:35', 100),
(3291, 1, '2019-10-14 16:32:35', 100),
(3292, 1, '2019-10-13 16:32:35', 100),
(3293, 1, '2019-10-12 16:32:36', 100),
(3294, 1, '2019-10-11 16:32:36', 100),
(3295, 1, '2019-10-10 16:32:36', 100),
(3296, 1, '2019-10-09 16:32:36', 100),
(3297, 1, '2019-10-08 16:32:36', 100),
(3298, 1, '2019-10-07 16:32:37', 100),
(3299, 1, '2019-10-06 16:32:37', 100),
(3300, 1, '2019-10-05 16:32:37', 100),
(3301, 1, '2019-10-04 16:32:37', 100),
(3302, 1, '2019-10-03 16:32:37', 100),
(3303, 1, '2019-10-02 16:32:39', 100),
(3304, 1, '2019-10-01 16:32:39', 100),
(3305, 1, '2019-09-30 16:32:39', 100),
(3306, 1, '2019-09-29 16:32:39', 100),
(3307, 2, '2019-10-29 16:32:39', 0),
(3308, 2, '2019-10-28 16:32:39', 0),
(3309, 2, '2019-10-27 16:32:39', 0),
(3310, 2, '2019-10-26 16:32:39', 0),
(3311, 2, '2019-10-25 16:32:39', 0),
(3312, 2, '2019-10-24 16:32:39', 0),
(3313, 2, '2019-10-23 16:32:39', 0),
(3314, 2, '2019-10-22 16:32:39', 0),
(3315, 2, '2019-10-21 16:32:39', 0),
(3316, 2, '2019-10-20 16:32:39', 0),
(3317, 2, '2019-10-19 16:32:39', 0),
(3318, 2, '2019-10-18 16:32:40', 0),
(3319, 2, '2019-10-17 16:32:40', 0),
(3320, 2, '2019-10-16 16:32:40', 0),
(3321, 2, '2019-10-15 16:32:40', 0),
(3322, 2, '2019-10-14 16:32:40', 0),
(3323, 2, '2019-10-13 16:32:40', 0),
(3324, 2, '2019-10-12 16:32:40', 0),
(3325, 2, '2019-10-11 16:32:40', 0),
(3326, 2, '2019-10-10 16:32:40', 0),
(3327, 2, '2019-10-09 16:32:40', 0),
(3328, 2, '2019-10-08 16:32:40', 0),
(3329, 2, '2019-10-07 16:32:40', 0),
(3330, 2, '2019-10-06 16:32:40', 0),
(3331, 2, '2019-10-05 16:32:40', 0),
(3332, 2, '2019-10-04 16:32:40', 0),
(3333, 2, '2019-10-03 16:32:40', 0),
(3334, 2, '2019-10-02 16:32:40', 0),
(3335, 2, '2019-10-01 16:32:40', 0),
(3336, 2, '2019-09-30 16:32:40', 0),
(3337, 2, '2019-09-29 16:32:40', 0),
(3338, 3, '2019-10-29 16:32:40', 0),
(3339, 3, '2019-10-28 16:32:41', 0),
(3340, 3, '2019-10-27 16:32:41', 0),
(3341, 3, '2019-10-26 16:32:41', 0),
(3342, 3, '2019-10-25 16:32:41', 0),
(3343, 3, '2019-10-24 16:32:41', 0),
(3344, 3, '2019-10-23 16:32:41', 0),
(3345, 3, '2019-10-22 16:32:41', 0),
(3346, 3, '2019-10-21 16:32:41', 0),
(3347, 3, '2019-10-20 16:32:41', 0),
(3348, 3, '2019-10-19 16:32:41', 0),
(3349, 3, '2019-10-18 16:32:41', 0),
(3350, 3, '2019-10-17 16:32:41', 0),
(3351, 3, '2019-10-16 16:32:41', 0),
(3352, 3, '2019-10-15 16:32:42', 0),
(3353, 3, '2019-10-14 16:32:42', 0),
(3354, 3, '2019-10-13 16:32:42', 0),
(3355, 3, '2019-10-12 16:32:42', 0),
(3356, 3, '2019-10-11 16:32:42', 0),
(3357, 3, '2019-10-10 16:32:42', 0),
(3358, 3, '2019-10-09 16:32:42', 0),
(3359, 3, '2019-10-08 16:32:42', 0),
(3360, 3, '2019-10-07 16:32:42', 0),
(3361, 3, '2019-10-06 16:32:42', 0),
(3362, 3, '2019-10-05 16:32:42', 0),
(3363, 3, '2019-10-04 16:32:42', 0),
(3364, 3, '2019-10-03 16:32:42', 0),
(3365, 3, '2019-10-02 16:32:42', 0),
(3366, 3, '2019-10-01 16:32:42', 0),
(3367, 3, '2019-09-30 16:32:42', 0),
(3368, 3, '2019-09-29 16:32:42', 0),
(3369, 4, '2019-10-29 16:32:43', 78),
(3370, 4, '2019-10-28 16:32:43', 49),
(3371, 4, '2019-10-27 16:32:43', 0),
(3372, 4, '2019-10-26 16:32:43', 78),
(3373, 4, '2019-10-25 16:32:43', 100),
(3374, 4, '2019-10-24 16:32:43', 100),
(3375, 4, '2019-10-23 16:32:43', 89),
(3376, 4, '2019-10-22 16:32:43', 100),
(3377, 4, '2019-10-21 16:32:44', 67),
(3378, 4, '2019-10-20 16:32:44', 15),
(3379, 4, '2019-10-19 16:32:44', 75),
(3380, 4, '2019-10-18 16:32:44', 100),
(3381, 4, '2019-10-17 16:32:44', 54),
(3382, 4, '2019-10-16 16:32:44', 0),
(3383, 4, '2019-10-15 16:32:44', 0),
(3384, 4, '2019-10-14 16:32:44', 0),
(3385, 4, '2019-10-13 16:32:44', 0),
(3386, 4, '2019-10-12 16:32:44', 0),
(3387, 4, '2019-10-11 16:32:45', 37),
(3388, 4, '2019-10-10 16:32:45', 13),
(3389, 4, '2019-10-09 16:32:45', 0),
(3390, 4, '2019-10-08 16:32:45', 0),
(3391, 4, '2019-10-07 16:32:45', 52),
(3392, 4, '2019-10-06 16:32:45', 100),
(3393, 4, '2019-10-05 16:32:45', 100),
(3394, 4, '2019-10-04 16:32:45', 100),
(3395, 4, '2019-10-03 16:32:45', 100),
(3396, 4, '2019-10-02 16:32:46', 100),
(3397, 4, '2019-10-01 16:32:46', 100),
(3398, 4, '2019-09-30 16:32:46', 32),
(3399, 4, '2019-09-29 16:32:46', 0),
(3400, 5, '2019-10-29 16:32:46', 0),
(3401, 5, '2019-10-28 16:32:46', 0),
(3402, 5, '2019-10-27 16:32:46', 0),
(3403, 5, '2019-10-26 16:32:46', 0),
(3404, 5, '2019-10-25 16:32:46', 0),
(3405, 5, '2019-10-24 16:32:46', 0),
(3406, 5, '2019-10-23 16:32:46', 0),
(3407, 5, '2019-10-22 16:32:46', 0),
(3408, 5, '2019-10-21 16:32:46', 0),
(3409, 5, '2019-10-20 16:32:46', 0),
(3410, 5, '2019-10-19 16:32:47', 0),
(3411, 5, '2019-10-18 16:32:47', 0),
(3412, 5, '2019-10-17 16:32:47', 0),
(3413, 5, '2019-10-16 16:32:47', 0),
(3414, 5, '2019-10-15 16:32:47', 0),
(3415, 5, '2019-10-14 16:32:47', 0),
(3416, 5, '2019-10-13 16:32:47', 0),
(3417, 5, '2019-10-12 16:32:47', 0),
(3418, 5, '2019-10-11 16:32:47', 0),
(3419, 5, '2019-10-10 16:32:47', 0),
(3420, 5, '2019-10-09 16:32:47', 0),
(3421, 5, '2019-10-08 16:32:47', 0),
(3422, 5, '2019-10-07 16:32:47', 0),
(3423, 5, '2019-10-06 16:32:47', 0),
(3424, 5, '2019-10-05 16:32:47', 0),
(3425, 5, '2019-10-04 16:32:47', 0),
(3426, 5, '2019-10-03 16:32:47', 0),
(3427, 5, '2019-10-02 16:32:47', 0),
(3428, 5, '2019-10-01 16:32:47', 0),
(3429, 5, '2019-09-30 16:32:47', 0),
(3430, 5, '2019-09-29 16:32:47', 0);

-- --------------------------------------------------------

--
-- Structure de la table `session_stat`
--

DROP TABLE IF EXISTS `session_stat`;
CREATE TABLE IF NOT EXISTS `session_stat` (
  `id` int(11) NOT NULL AUTO_INCREMENT,
  `device_id` int(11) NOT NULL,
  `start` int(11) NOT NULL,
  `end` int(11) NOT NULL,
  `distance` int(11) NOT NULL,
  `duration` int(11) NOT NULL,
  `speed` double NOT NULL,
  PRIMARY KEY (`id`),
  KEY `IDX_E6C9FF0B94A4C7D4` (`device_id`)
) ENGINE=InnoDB DEFAULT CHARSET=utf8mb4 COLLATE=utf8mb4_unicode_ci;

-- --------------------------------------------------------

--
-- Structure de la table `subset`
--

DROP TABLE IF EXISTS `subset`;
CREATE TABLE IF NOT EXISTS `subset` (
  `id` int(11) NOT NULL AUTO_INCREMENT,
  `organization_id` int(11) NOT NULL,
  `api_subset_id` varchar(50) COLLATE utf8mb4_unicode_ci NOT NULL,
  PRIMARY KEY (`id`),
  KEY `IDX_853C723532C8A3DE` (`organization_id`)
) ENGINE=InnoDB AUTO_INCREMENT=4 DEFAULT CHARSET=utf8mb4 COLLATE=utf8mb4_unicode_ci;

--
-- Déchargement des données de la table `subset`
--

INSERT INTO `subset` (`id`, `organization_id`, `api_subset_id`) VALUES
(1, 1, '5a0ad3144cedfd002f652edc'),
(2, 2, 'jklo'),
(3, 3, 'kklo');

-- --------------------------------------------------------

--
-- Structure de la table `user`
--

DROP TABLE IF EXISTS `user`;
CREATE TABLE IF NOT EXISTS `user` (
  `id` int(11) NOT NULL AUTO_INCREMENT,
  `username` varchar(180) COLLATE utf8mb4_unicode_ci NOT NULL,
  `roles` json NOT NULL,
  `password` varchar(255) COLLATE utf8mb4_unicode_ci NOT NULL,
  `organization_id` int(11) NOT NULL,
  PRIMARY KEY (`id`),
  UNIQUE KEY `UNIQ_8D93D649F85E0677` (`username`),
  KEY `IDX_8D93D64932C8A3DE` (`organization_id`)
) ENGINE=InnoDB AUTO_INCREMENT=3 DEFAULT CHARSET=utf8mb4 COLLATE=utf8mb4_unicode_ci;

--
-- Déchargement des données de la table `user`
--

INSERT INTO `user` (`id`, `username`, `roles`, `password`, `organization_id`) VALUES
(2, 'quentin', '[]', '$2y$13$kPKatR3DcH9fSVKUHhzTTe7p8F3Z2a9121Y.zgISbIBNYl1YYVdxC', 1);

-- --------------------------------------------------------

--
-- Structure de la table `weekly_stat`
--

DROP TABLE IF EXISTS `weekly_stat`;
CREATE TABLE IF NOT EXISTS `weekly_stat` (
  `id` int(11) NOT NULL AUTO_INCREMENT,
  `device_id` int(11) NOT NULL,
  `week` varchar(25) COLLATE utf8mb4_unicode_ci NOT NULL,
  `distance` int(11) NOT NULL,
  `duration` int(11) NOT NULL,
  `speed` double NOT NULL,
  PRIMARY KEY (`id`),
  KEY `IDX_CBA1431194A4C7D4` (`device_id`)
) ENGINE=InnoDB AUTO_INCREMENT=321 DEFAULT CHARSET=utf8mb4 COLLATE=utf8mb4_unicode_ci;

--
-- Déchargement des données de la table `weekly_stat`
--

INSERT INTO `weekly_stat` (`id`, `device_id`, `week`, `distance`, `duration`, `speed`) VALUES
(281, 1, '2019W35', 0, 0, 0),
(282, 1, '2019W34', 0, 0, 0),
(283, 1, '2019W33', 0, 0, 0),
(284, 1, '2019W32', 0, 0, 0),
(285, 1, '2019W31', 0, 0, 0),
(286, 1, '2019W30', 0, 0, 0),
(287, 1, '2019W29', 0, 0, 0),
(288, 1, '2019W28', 0, 0, 0),
(289, 2, '2019W35', 0, 0, 0),
(290, 2, '2019W34', 0, 0, 0),
(291, 2, '2019W33', 0, 0, 0),
(292, 2, '2019W32', 0, 0, 0),
(293, 2, '2019W31', 6542, 10291, 2.288455583318),
(294, 2, '2019W30', 9495, 15664, 2.1821711270789),
(295, 2, '2019W29', 6634, 10644, 2.2436580813189),
(296, 2, '2019W28', 27, 123, 0.79387728628875),
(297, 3, '2019W35', 561, 949, 2.1289480366364),
(298, 3, '2019W34', 2119, 3303, 2.3094924322175),
(299, 3, '2019W33', 0, 0, 0),
(300, 3, '2019W32', 0, 0, 0),
(301, 3, '2019W31', 0, 0, 0),
(302, 3, '2019W30', 0, 0, 0),
(303, 3, '2019W29', 0, 0, 0),
(304, 3, '2019W28', 0, 0, 0),
(305, 4, '2019W35', 8290, 11283, 2.6450190948295),
(306, 4, '2019W34', 14656, 20816, 2.5347632332371),
(307, 4, '2019W33', 17193, 24199, 2.557784320965),
(308, 4, '2019W32', 14906, 21473, 2.4990676760975),
(309, 4, '2019W31', 10357, 14829, 2.5144099919437),
(310, 4, '2019W30', 1611, 2639, 2.1987740178482),
(311, 4, '2019W29', 7774, 11164, 2.5069812309387),
(312, 4, '2019W28', 11515, 16505, 2.5115320418642),
(313, 5, '2019W35', 25, 59, 1.5367990066114),
(314, 5, '2019W34', 5, 35, 0.56586296909647),
(315, 5, '2019W33', 0, 6, 0.36612108692198),
(316, 5, '2019W32', 0, 0, 0),
(317, 5, '2019W31', 1042, 2047, 1.8337784637627),
(318, 5, '2019W30', 3662, 10017, 1.3163987904164),
(319, 5, '2019W29', 2149, 4242, 1.8234820661111),
(320, 5, '2019W28', 6454, 9734, 2.3869543712194);

--
-- Contraintes pour les tables déchargées
--

--
-- Contraintes pour la table `daily_stat`
--
ALTER TABLE `daily_stat`
  ADD CONSTRAINT `FK_64BEE0B494A4C7D4` FOREIGN KEY (`device_id`) REFERENCES `device` (`id`);

--
-- Contraintes pour la table `device`
--
ALTER TABLE `device`
  ADD CONSTRAINT `FK_92FB68E19EB6921` FOREIGN KEY (`client_id`) REFERENCES `client` (`id`),
  ADD CONSTRAINT `FK_92FB68E7687853D` FOREIGN KEY (`subset_id`) REFERENCES `subset` (`id`);

--
-- Contraintes pour la table `ping`
--
ALTER TABLE `ping`
  ADD CONSTRAINT `FK_25D53DFD94A4C7D4` FOREIGN KEY (`device_id`) REFERENCES `device` (`id`);

--
-- Contraintes pour la table `session_stat`
--
ALTER TABLE `session_stat`
  ADD CONSTRAINT `FK_E6C9FF0B94A4C7D4` FOREIGN KEY (`device_id`) REFERENCES `device` (`id`);

--
-- Contraintes pour la table `subset`
--
ALTER TABLE `subset`
  ADD CONSTRAINT `FK_853C723532C8A3DE` FOREIGN KEY (`organization_id`) REFERENCES `organization` (`id`);

--
-- Contraintes pour la table `user`
--
ALTER TABLE `user`
  ADD CONSTRAINT `FK_8D93D64932C8A3DE` FOREIGN KEY (`organization_id`) REFERENCES `organization` (`id`);

--
-- Contraintes pour la table `weekly_stat`
--
ALTER TABLE `weekly_stat`
  ADD CONSTRAINT `FK_CBA1431194A4C7D4` FOREIGN KEY (`device_id`) REFERENCES `device` (`id`);
COMMIT;

/*!40101 SET CHARACTER_SET_CLIENT=@OLD_CHARACTER_SET_CLIENT */;
/*!40101 SET CHARACTER_SET_RESULTS=@OLD_CHARACTER_SET_RESULTS */;
/*!40101 SET COLLATION_CONNECTION=@OLD_COLLATION_CONNECTION */;
